{
  "id": "LEM-s3-t1500",
  "arm": "LEM",
  "seed": 3,
  "turns": 1500,
  "trigger": 401,
  "score": 1512.4536851359805,
  "netWorth": 2142.523268446286,
  "maxDrawdown": 1260.1391666206105,
  "finishedAt": "2026-07-03T19:04:50.733Z"
}