{
  "id": "A-s11-t200",
  "arm": "A",
  "seed": 11,
  "turns": 200,
  "trigger": 101,
  "score": 2285.183753063987,
  "netWorth": 2573.9876035335906,
  "maxDrawdown": 577.607700939207,
  "finishedAt": "2026-07-02T19:18:32.434Z"
}