{
  "id": "LEM-s21-t120",
  "arm": "LEM",
  "seed": 21,
  "turns": 120,
  "trigger": 41,
  "score": 2834.018299328891,
  "netWorth": 2947.4994698361356,
  "maxDrawdown": 226.96234101448954,
  "finishedAt": "2026-07-02T19:41:15.816Z"
}