{
  "id": "LEM-s4-t1500",
  "arm": "LEM",
  "seed": 4,
  "turns": 1500,
  "trigger": 401,
  "score": 1114.6750312859094,
  "netWorth": 1958.203528362168,
  "maxDrawdown": 1687.056994152517,
  "finishedAt": "2026-07-03T19:28:06.067Z"
}