{
  "id": "LEM-s1-t1500",
  "arm": "LEM",
  "seed": 1,
  "turns": 1500,
  "trigger": 401,
  "score": 2146.302303781067,
  "netWorth": 2721.2801965618874,
  "maxDrawdown": 1149.95578556164,
  "finishedAt": "2026-07-03T01:12:27.777Z"
}