{
  "id": "A-s5-t1500",
  "arm": "A",
  "seed": 5,
  "turns": 1500,
  "trigger": 401,
  "score": -1781.9620391070862,
  "netWorth": 39.882407426666035,
  "maxDrawdown": 3643.6888930675045,
  "finishedAt": "2026-07-03T19:15:28.845Z"
}