{
  "id": "B-s5-t1500",
  "arm": "B",
  "seed": 5,
  "turns": 1500,
  "trigger": 401,
  "score": -1315.544705336187,
  "netWorth": 207.48875202234711,
  "maxDrawdown": 3046.0669147170684,
  "finishedAt": "2026-07-02T23:58:39.451Z"
}