{
  "id": "B-s5-t1500",
  "arm": "B",
  "seed": 5,
  "turns": 1500,
  "trigger": 401,
  "score": 1827.3489598916376,
  "netWorth": 2491.8428744934736,
  "maxDrawdown": 1328.987829203672,
  "finishedAt": "2026-07-03T19:27:40.644Z"
}