{
  "id": "B-s11-t200",
  "arm": "B",
  "seed": 11,
  "turns": 200,
  "trigger": 101,
  "score": 2472.6458285903586,
  "netWorth": 2710.2760941638685,
  "maxDrawdown": 475.2605311470197,
  "finishedAt": "2026-07-02T19:20:18.006Z"
}