{
  "id": "LEM-s5-t1500",
  "arm": "LEM",
  "seed": 5,
  "turns": 1500,
  "trigger": 401,
  "score": 2727.7706433865465,
  "netWorth": 3059.1276424161824,
  "maxDrawdown": 662.713998059272,
  "finishedAt": "2026-07-03T19:10:02.658Z"
}