{
  "id": "B-s2-t1500",
  "arm": "B",
  "seed": 2,
  "turns": 1500,
  "trigger": 401,
  "score": 2676.597162812076,
  "netWorth": 2962.6805465222046,
  "maxDrawdown": 572.1667674202572,
  "finishedAt": "2026-07-03T18:21:28.625Z"
}