{
  "id": "B-s3-t1500",
  "arm": "B",
  "seed": 3,
  "turns": 1500,
  "trigger": 401,
  "score": -1707.1464132964395,
  "netWorth": 25.535176714953682,
  "maxDrawdown": 3465.3631800227863,
  "finishedAt": "2026-07-03T18:21:28.669Z"
}