{
  "id": "LEM-s2-t1500",
  "arm": "LEM",
  "seed": 2,
  "turns": 1500,
  "trigger": 401,
  "score": 2766.6909791933613,
  "netWorth": 2896.582465712099,
  "maxDrawdown": 259.7829730374747,
  "finishedAt": "2026-07-03T18:21:28.529Z"
}