{
  "id": "A-s1-t1500",
  "arm": "A",
  "seed": 1,
  "turns": 1500,
  "trigger": 401,
  "score": -1721.7260792006027,
  "netWorth": 48.11911087037741,
  "maxDrawdown": 3539.6903801419603,
  "finishedAt": "2026-07-02T23:51:52.644Z"
}