{
  "id": "B-s4-t1500",
  "arm": "B",
  "seed": 4,
  "turns": 1500,
  "trigger": 401,
  "score": 1377.230714968257,
  "netWorth": 2137.6671520645405,
  "maxDrawdown": 1520.872874192567,
  "finishedAt": "2026-07-03T00:00:27.556Z"
}