{
  "id": "B-s101-t10000",
  "arm": "B",
  "seed": 101,
  "turns": 10000,
  "trigger": 2001,
  "score": -1344.2414076378584,
  "netWorth": 171.96293350977317,
  "maxDrawdown": 3032.408682295263,
  "finishedAt": "2026-07-04T00:17:26.038Z"
}