{
  "id": "A-s2-t1500",
  "arm": "A",
  "seed": 2,
  "turns": 1500,
  "trigger": 401,
  "score": -1523.5593887086377,
  "netWorth": 37.415349063624134,
  "maxDrawdown": 3121.9494755445235,
  "finishedAt": "2026-07-03T19:10:02.665Z"
}