{
  "id": "B-s12-t200",
  "arm": "B",
  "seed": 12,
  "turns": 200,
  "trigger": 101,
  "score": 2506.9378962308233,
  "netWorth": 2912.7893288315836,
  "maxDrawdown": 811.7028652015206,
  "finishedAt": "2026-07-02T19:20:29.720Z"
}