{
  "id": "A-s12-t200",
  "arm": "A",
  "seed": 12,
  "turns": 200,
  "trigger": 101,
  "score": 2443.593749682349,
  "netWorth": 2775.1860748973577,
  "maxDrawdown": 663.1846504300174,
  "finishedAt": "2026-07-02T19:18:40.310Z"
}