{
  "id": "A-s21-t120",
  "arm": "A",
  "seed": 21,
  "turns": 120,
  "trigger": 41,
  "score": 2578.759608596073,
  "netWorth": 2771.429749624574,
  "maxDrawdown": 385.34028205700224,
  "finishedAt": "2026-07-02T19:28:13.304Z"
}