{
  "id": "A-s3-t1500",
  "arm": "A",
  "seed": 3,
  "turns": 1500,
  "trigger": 401,
  "score": -1513.9483234113795,
  "netWorth": 40.93104643148729,
  "maxDrawdown": 3109.7587396857334,
  "finishedAt": "2026-07-03T19:10:02.671Z"
}