{
  "id": "LEM-s101-t10000",
  "arm": "LEM",
  "seed": 101,
  "turns": 10000,
  "trigger": 2001,
  "score": -905.9581928219635,
  "netWorth": 469.21139111498644,
  "maxDrawdown": 2750.3391678739,
  "finishedAt": "2026-07-04T13:45:24.778Z"
}