{
  "id": "B-s21-t120",
  "arm": "B",
  "seed": 21,
  "turns": 120,
  "trigger": 41,
  "score": 2730.194383941838,
  "netWorth": 2872.3862665217507,
  "maxDrawdown": 284.38376515982554,
  "finishedAt": "2026-07-02T19:28:55.238Z"
}