{
  "id": "A-s1-t1500",
  "arm": "A",
  "seed": 1,
  "turns": 1500,
  "trigger": 401,
  "score": -1833.0376154604191,
  "netWorth": 34.465254396970394,
  "maxDrawdown": 3735.005739714779,
  "finishedAt": "2026-07-03T20:01:05.406Z"
}