{
  "id": "B-s1-t6",
  "arm": "B",
  "seed": 1,
  "turns": 6,
  "trigger": 401,
  "score": 3153.2210985419815,
  "netWorth": 3156.095513624048,
  "maxDrawdown": 5.7488301641337785,
  "finishedAt": "2026-07-02T18:59:08.979Z"
}