{
  "id": "B-s4-t1500",
  "arm": "B",
  "seed": 4,
  "turns": 1500,
  "trigger": 401,
  "score": 2772.2625654689764,
  "netWorth": 3069.3492671462263,
  "maxDrawdown": 594.1734033544999,
  "finishedAt": "2026-07-03T19:31:25.555Z"
}