{
  "id": "A-s1-t6",
  "arm": "A",
  "seed": 1,
  "turns": 6,
  "trigger": 401,
  "score": 3161.896920595971,
  "netWorth": 3165.003953345292,
  "maxDrawdown": 6.214065498641958,
  "finishedAt": "2026-07-02T18:56:50.646Z"
}