{
  "id": "A-s101-t10000",
  "arm": "A",
  "seed": 101,
  "turns": 10000,
  "trigger": 2001,
  "score": -1550.827269119943,
  "netWorth": 17.23441971835934,
  "maxDrawdown": 3136.1233776766044,
  "finishedAt": "2026-07-03T20:34:22.511Z"
}