{
  "id": "A-s4-t1500",
  "arm": "A",
  "seed": 4,
  "turns": 1500,
  "trigger": 401,
  "score": -1776.2465061814112,
  "netWorth": 35.34900463142835,
  "maxDrawdown": 3623.1910216256792,
  "finishedAt": "2026-07-03T19:10:02.678Z"
}