{
  "id": "LEM-s1-t1500",
  "arm": "LEM",
  "seed": 1,
  "turns": 1500,
  "trigger": 401,
  "score": 561.7411426741403,
  "netWorth": 1663.2405313958254,
  "maxDrawdown": 2202.9987774433703,
  "finishedAt": "2026-07-03T23:50:57.071Z"
}