{
  "id": "B-s1-t1500",
  "arm": "B",
  "seed": 1,
  "turns": 1500,
  "trigger": 401,
  "score": 1807.343795071463,
  "netWorth": 2535.9986891150797,
  "maxDrawdown": 1457.3097880872333,
  "finishedAt": "2026-07-03T18:21:28.595Z"
}